{"noiseKey":{"private":{"type":"Buffer","data":"ODa6cs0Tc5uf9Snx4x1xgPWf5sPNHnZMwcjPEdhwo3Y="},"public":{"type":"Buffer","data":"Yv4tN05ctrA8ZiE1Os2+zSs7oAEahPsuVttccxXO1Hs="}},"pairingEphemeralKeyPair":{"private":{"type":"Buffer","data":"kN6qyQjOcXKD2HUtZw2Wyw3tDXvuswv4Yt4rILvGUlQ="},"public":{"type":"Buffer","data":"tLrkg1jxaKvtg6KAEnv0qJLHtR9nPAuuSVDE8N2IyWY="}},"signedIdentityKey":{"private":{"type":"Buffer","data":"cEiG7+Z/YcGjj7/PX9A7HdpY9QJB96p7sVY5/g4QB3o="},"public":{"type":"Buffer","data":"hrzoHveKHlu1HPI/Y9wl6hdx98BL9AKahY/iIkxYR08="}},"signedPreKey":{"keyPair":{"private":{"type":"Buffer","data":"CLk3n6K0hQkyvBpu7elRuY2RgFW8p77Awn2crnxspms="},"public":{"type":"Buffer","data":"LQizh2AsW2F5WWDgB5U9EBpMO3DpOsEsEX3//a2Aamc="}},"signature":{"type":"Buffer","data":"SZpacl9S9ZfGoWisoxquw8dl7KNb7pDJvaQp7CsxcW93ofXI6grEo41aWgZTt3naWHceg3B5JsxxYQTtgMSqDw=="},"keyId":1},"registrationId":129,"advSecretKey":"Nn9vAC1GuLtJXbnkorpu+46Mr/HlmA8FmT9OOKUHdkg=","processedHistoryMessages":[{"key":{"remoteJid":"5493865860045@s.whatsapp.net","fromMe":true,"id":"0830B6730269EDEDFF6F2C5D315AC737"},"messageTimestamp":1731345805},{"key":{"remoteJid":"5493865860045@s.whatsapp.net","fromMe":true,"id":"62CE6BFD8AC8A57976F8B1C1D534FD6E"},"messageTimestamp":1731345805},{"key":{"remoteJid":"5493865860045@s.whatsapp.net","fromMe":true,"id":"D8114707D6F6CC0CE275EBFE95B0A20C"},"messageTimestamp":1731345810},{"key":{"remoteJid":"5493865860045@s.whatsapp.net","fromMe":true,"id":"7AE12C7DC4EB405DE6D926D72CE40181"},"messageTimestamp":1731345810},{"key":{"remoteJid":"5493865860045@s.whatsapp.net","fromMe":true,"id":"B1DD5A206706C7307BCFCA3CD3494500"},"messageTimestamp":1731345811}],"nextPreKeyId":67,"firstUnuploadedPreKeyId":67,"accountSyncCounter":1,"accountSettings":{"unarchiveChats":false},"registered":true,"pairingCode":"XVZVJ9TT","lastPropHash":"4eUNDn","routingInfo":{"type":"Buffer","data":"CAgIEg=="},"me":{"id":"5493865860045:18@s.whatsapp.net","name":"Waguri Ai","jid":"5493865860045@s.whatsapp.net","lid":"156401804570820:18@lid"},"account":{"details":"CLP589wFEIX7yLkGGAEgACgA","accountSignatureKey":"p2D1NLh3d4PtIF3riK2DvSTczivzlKK0UGdnvQoEJy4=","accountSignature":"+CXhKHW5wGvUv/muSlD20Zetm8rN8/70ybEEN6fDvZ/3l8wMYEvcWKt0eHFh3GshL81sf4vR5Y+FWk7pkd47BA==","deviceSignature":"f7ZoxSztWHA/SGnqWz2bdFZSiH9P11TAMK5Gkhyr/I1EJbnnN9r1yuwf5zZuIJZk5vWJ5aEZdQW8M+3vGSzDBA=="},"signalIdentities":[{"identifier":{"name":"5493865860045:18@s.whatsapp.net","deviceId":0},"identifierKey":{"type":"Buffer","data":"Badg9TS4d3eD7SBd64itg70k3M4r85SitFBnZ70KBCcu"}}],"platform":"smba","lastAccountSyncTimestamp":1731357033,"myAppStateKeyId":"AAAAABXl"}